<configuration>
    <property>
        <name>dfs.replication</name>
        <value>2</value>
    </property>
    <property>
            <name>dfs.namenode.name.dir</name>
            <value>/opt/hadoop/data/nameNode</value>
    </property>

    <property>
            <name>dfs.datanode.data.dir</name>
            <value>/opt/hadoop/data/dataNode</value>
    </property>

    <property>
	  <name>dfs.permissions</name>
	  <value>false</value>
	</property>
    	
</configuration>
